Jill,Doe
Joe,Doe
Justin,Doe
Jane,Doe
John,Doe
Jill,Doe
Joe,Doe
Justin,Doe
Jane,Doe
John,Doe
Jill,Doe
Joe,Doe
Justin,Doe
Jane,Doe
John,Doe
Jill,Doe
Joe,Doe
Justin,Doe
Jane,Doe
John,Doe
Jill,Doe
Joe,Doe
Justin,Doe
Jane,Doe
John,Doe
Jill,Doe
Joe,Doe
Justin,Doe
Jane,Doe
John,Doe
Jill,Doe
Joe,Doe
Justin,Doe
Jane,Doe
John,Doe
Jill,Doe
Joe,Doe
Justin,Doe
Jane,Doe
John,Doe
Jill,Doe
Joe,Doe
Justin,Doe
Jane,Doe
John,Doe
Jill,Doe
Joe,Doe
Justin,Doe
Jane,Doe
John,Doe
Jill,Doe
Joe,Doe
Justin,Doe
Jane,Doe
John,Doe
Jill,Doe
Joe,Doe
Justin,Doe
Jane,Doe
John,Doe
Jill,Doe
Joe,Doe
Justin,Doe
Jane,Doe
John,Doe
Jill,Doe
Joe,Doe
Justin,Doe
Jane,Doe
John,Doe
Jill,Doe
Joe,Doe
Justin,Doe
Jane,Doe
John,Doe
Jill,Doe
Joe,Doe
Justin,Doe
Jane,Doe
John,Doe
Jill
Joe,Doe
Justin,Doe
Jane,Doe
John,Doe
Jill,Doe
Joe,Doe
Justin,Doe
Jane,Doe
John,Doe
Jill,Doe
Joe,Doe
Justin,Doe
Jane,Doe
John,Doe
Jill,Doe
Joe,Doe
Justin,Doe
Jane,Doe
John,Doe
Jill,Doe
Joe,Doe
Justin,Doe
Jane,Doe
John,Doe
Jill,Doe
Joe,Doe
Justin,Doe
Jane,Doe
John,Doe
Jill,Doe
Joe,Doe
Justin,Doe
Jane,Doe
John,Doe
Jill,Doe
Joe,Doe
Justin,Doe
Jane,Doe
John,Doe
Jill,Doe
Joe,Doe
Justin,Doe
Jane,Doe
John,Doe
Jill,Doe
Joe,Doe
Justin,Doe
Jane,Doe
John,Doe
Jill,Doe
Joe,Doe
Justin,Doe
Jane,Doe
John,Doe
Jill,Doe
Joe,Doe
Justin,Doe
Jane,Doe
John,Doe
Jill,Doe
Joe,Doe
Justin,Doe
Jane,Doe
John,Doe
Jill,Doe
Joe,Doe
Justin,Doe
Jane,Doe
John,Doe
Jill,Doe
Joe,Doe
Justin,Doe
Jane,Doe
John,Doe
Jill,Doe
Joe,Doe
Justin,Doe
Jane,Doe
John,Doe
Jill,Doe
Joe,Doe
Justin,Doe
Jane,Doe
John,Doe
Jill,Doe
Joe,Doe
Justin,Doe
Jane,Doe
John,Doe
Jill,Doe
Joe,Doe
Justin,Doe
Jane,Doe
John,Doe
Jill,Doe
Joe,Doe
Justin,Doe
Jane,Doe
John,Doe
Jill,Doe
Joe,Doe
Justin,Doe
Jane,Doe
John,Doe
Jill,Doe
Joe,Doe
Justin,Doe
Jane,Doe
John,Doe
Jill,Doe
Joe,Doe
Justin,Doe
Jane,Doe
John,Doe
Jill,Doe
Joe,Doe
Justin,Doe
Jane,Doe
John,Doe
Jill,Doe
Joe,Doe
Justin,Doe
Jane,Doe
John,Doe
Jill,Doe
Joe,Doe
Justin,Doe
Jane,Doe
John,Doe
Jill,Doe
Joe,Doe
Justin,Doe
Jane,Doe
John,Doe
Jill,Doe
Joe,Doe
Justin,Doe
Jane,Doe
John,Doe
Jill,Doe
Joe,Doe
Justin,Doe
Jane,Doe
John,Doe
Jill,Doe
Joe,Doe
Justin,Doe
Jane,Doe
John,Doe
Jill,Doe
Joe,Doe
Justin,Doe
Jane,Doe
John,Doe
Jill,Doe
Joe,Doe
Justin,Doe
Jane,Doe
John,Doe
Jill,Doe
Joe,Doe
Justin,Doe
Jane,Doe
John,Doe
Jill,Doe
Joe,Doe
Justin,Doe
Jane,Doe
John,Doe
Jill,Doe
Joe,Doe
Justin,Doe
Jane,Doe
John,Doe
Jill,Doe
Joe,Doe
Justin,Doe
Jane,Doe
John,Doe
Jill,Doe
Joe,Doe
Justin,Doe
Jane,Doe
John,Doe
Jill,Doe
Joe,Doe
Justin,Doe
Jane,Doe
John,Doe
Jill,Doe
Joe,Doe
Justin,Doe
Jane,Doe
John,Doe
Jill,Doe
Joe,Doe
Justin,Doe
Jane,Doe
John,Doe
Jill,Doe
Joe,Doe
Justin,Doe
Jane,Doe
John,Doe
Jill,Doe
Joe,Doe
Justin,Doe
Jane,Doe
John,Doe
Jill,Doe
Joe,Doe
Justin,Doe
Jane,Doe
John,Doe
Jill,Doe
Joe,Doe
Justin,Doe
Jane,Doe
John,Doe
Jill,Doe
Joe,Doe
Justin,Doe
Jane,Doe
John,Doe
Jill,Doe
Joe,Doe
Justin,Doe
Jane,Doe
John,Doe
Jill,Doe
Joe,Doe
Justin,Doe
Jane,Doe
John,Doe
Jill,Doe
Joe,Doe
Justin,Doe
Jane,Doe
John,Doe
Jill,Doe
Joe,Doe
Justin,Doe
Jane,Doe
John,Doe
Jill,Doe
Joe,Doe
Justin,Doe
Jane,Doe
John,Doe
Jill,Doe
Joe,Doe
Justin,Doe
Jane,Doe
John,Doe
Jill,Doe
Joe,Doe
Justin,Doe
Jane,Doe
John,Doe
Jill,Doe
Joe,Doe
Justin,Doe
Jane,Doe
John,Doe
Jill,Doe
Joe,Doe
Justin,Doe
Jane,Doe
John,Doe
Jill,Doe
Joe,Doe
Justin,Doe
Jane,Doe
John,Doe
Jill,Doe
Joe,Doe
Justin,Doe
Jane,Doe
John,Doe
Jill,Doe
Joe,Doe
Justin,Doe
Jane,Doe
John,Doe
Jill,Doe
Joe,Doe
Justin,Doe
Jane,Doe
John,Doe
Jill,Doe
Joe,Doe
Justin,Doe
Jane,Doe
John,Doe
Jill,Doe
Joe,Doe
Justin,Doe
Jane,Doe
John,Doe
Jill,Doe
Joe,Doe
Justin,Doe
Jane,Doe
John,Doe
Jill,Doe
Joe,Doe
Justin,Doe
Jane,Doe
John,Doe
Jill,Doe
Joe,Doe
Justin,Doe
Jane,Doe
John,Doe
Jill,Doe
Joe,Doe
Justin,Doe
Jane,Doe
John,Doe
Jill,Doe
Joe,Doe
Justin,Doe
Jane,Doe
John,Doe
Jill,Doe
Joe,Doe
Justin,Doe
Jane,Doe
John,Doe
Jill,Doe
Joe,Doe
Justin,Doe
Jane,Doe
John,Doe
Jill,Doe
Joe,Doe
Justin,Doe
Jane,Doe
John,Doe
Jill,Doe
Joe,Doe
Justin,Doe
Jane,Doe
John,Doe
Jill,Doe
Joe,Doe
Justin,Doe
Jane,Doe
John,Doe
Jill,Doe
Joe,Doe
Justin,Doe
Jane,Doe
John,Doe
Jill,Doe
Joe,Doe
Justin,Doe
Jane,Doe
John,Doe
Jill,Doe
Joe,Doe
Justin,Doe
Jane,Doe
John,Doe
Jill,Doe
Joe,Doe
Justin,Doe
Jane,Doe
John,Doe
Jill,Doe
Joe,Doe
Justin,Doe
Jane,Doe
John,Doe
Jill,Doe
Joe,Doe
Justin,Doe
Jane,Doe
John,Doe
Jill,Doe
Joe,Doe
Justin,Doe
Jane,Doe
John,Doe
Jill,Doe
Joe,Doe
Justin,Doe
Jane,Doe
John,Doe
Jill,Doe
Joe,Doe
Justin,Doe
Jane,Doe
John,Doe
Jill,Doe
Joe,Doe
Justin,Doe
Jane,Doe
John,Doe
Jill,Doe
Joe,Doe
Justin,Doe
Jane,Doe
John,Doe
Jill,Doe
Joe,Doe
Justin,Doe
Jane,Doe
John,Doe
Jill,Doe
Joe,Doe
Justin,Doe
Jane,Doe
John,Doe
Jill,Doe
Joe,Doe
Justin,Doe
Jane,Doe
John,Doe
Jill,Doe
Joe,Doe
Justin,Doe
Jane,Doe
John,Doe
Jill,Doe
Joe,Doe
Justin,Doe
Jane,Doe
John,Doe
Jill,Doe
Joe,Doe
Justin,Doe
Jane,Doe
John,Doe
Jill,Doe
Joe,Doe
Justin,Doe
Jane,Doe
John,Doe
Jill,Doe
Joe,Doe
Justin,Doe
Jane,Doe
John,Doe
Jill,Doe
Joe,Doe
Justin,Doe
Jane,Doe
John,Doe
Jill,Doe
Joe,Doe
Justin,Doe
Jane,Doe
John,Doe
Jill,Doe
Joe,Doe
Justin,Doe
Jane,Doe
John,Doe
Jill,Doe
Joe,Doe
Justin,Doe
Jane,Doe
John,Doe
Jill,Doe
Joe,Doe
Justin,Doe
Jane,Doe
John,Doe
Jill,Doe
Joe,Doe
Justin,Doe
Jane,Doe
John,Doe
Jill,Doe
Joe,Doe
Justin,Doe
Jane,Doe
John,Doe
Jill,Doe
Joe,Doe
Justin,Doe
Jane,Doe
John,Doe
Jill,Doe
Joe,Doe
Justin,Doe
Jane,Doe
John,Doe
Jill,Doe
Joe,Doe
Justin,Doe
Jane,Doe
John,Doe
Jill,Doe
Joe,Doe
Justin,Doe
Jane,Doe
John,Doe
Jill,Doe
Joe,Doe
Justin,Doe
Jane,Doe
John,Doe
Jill,Doe
Joe,Doe
Justin,Doe
Jane,Doe
John,Doe
Jill,Doe
Joe,Doe
Justin,Doe
Jane,Doe
John,Doe
Jill,Doe
Joe,Doe
Justin,Doe
Jane,Doe
John,Doe
Jill,Doe
Joe,Doe
Justin,Doe
Jane,Doe
John,Doe
Jill,Doe
Joe,Doe
Justin,Doe
Jane,Doe
John,Doe
Jill,Doe
Joe,Doe
Justin,Doe
Jane,Doe
John,Doe
Jill,Doe
Joe,Doe
Justin,Doe
Jane,Doe
John,Doe
Jill,Doe
Joe,Doe
Justin,Doe
Jane,Doe
John,Doe
Jill,Doe
Joe,Doe
Justin,Doe
Jane,Doe
John,Doe
Jill,Doe
Joe,Doe
Justin,Doe
Jane,Doe
John,Doe
Jill,Doe
Joe,Doe
Justin,Doe
Jane,Doe
John,Doe
Jill,Doe
Joe,Doe
Justin,Doe
Jane,Doe
John,Doe
Jill,Doe
Joe,Doe
Justin,Doe
Jane,Doe
John,Doe
Jill,Doe
Joe,Doe
Justin,Doe
Jane,Doe
John,Doe
Jill,Doe
Joe,Doe
Justin,Doe
Jane,Doe
John,Doe
Jill,Doe
Joe,Doe
Justin,Doe
Jane,Doe
John,Doe
Jill,Doe
Joe,Doe
Justin,Doe
Jane,Doe
John,Doe
Jill,Doe
Joe,Doe
Justin,Doe
Jane,Doe
John,Doe
Jill,Doe
Joe,Doe
Justin,Doe
Jane,Doe
John,Doe
Jill,Doe
Joe,Doe
Justin,Doe
Jane,Doe
John,Doe
Jill,Doe
Joe,Doe
Justin,Doe
Jane,Doe
John,Doe
Jill,Doe
Joe,Doe
Justin,Doe
Jane,Doe
John,Doe
Jill,Doe
Joe,Doe
Justin,Doe
Jane,Doe
John,Doe
Jill,Doe
Joe,Doe
Justin,Doe
Jane,Doe
John,Doe
Jill,Doe
Joe,Doe
Justin,Doe
Jane,Doe
John,Doe
Jill,Doe
Joe,Doe
Justin,Doe
Jane,Doe
John,Doe
Jill,Doe
Joe,Doe
Justin,Doe
Jane,Doe
John,Doe
Jill,Doe
Joe,Doe
Justin,Doe
Jane,Doe
John,Doe
Jill,Doe
Joe,Doe
Justin,Doe
Jane,Doe
John,Doe
Jill,Doe
Joe,Doe
Justin,Doe
Jane,Doe
John,Doe
Jill,Doe
Joe,Doe
Justin,Doe
Jane,Doe
John,Doe
Jill,Doe
Joe,Doe
Justin,Doe
Jane,Doe
John,Doe
Jill,Doe
Joe,Doe
Justin,Doe
Jane,Doe
John,Doe
Jill,Doe
Joe,Doe
Justin,Doe
Jane,Doe
John,Doe
Jill,Doe
Joe,Doe
Justin,Doe
Jane,Doe
John,Doe
Jill,Doe
Joe,Doe
Justin,Doe
Jane,Doe
John,Doe
Jill,Doe
Joe,Doe
Justin,Doe
Jane,Doe
John,Doe
Jill,Doe
Joe,Doe
Justin,Doe
Jane,Doe
John,Doe
Jill,Doe
Joe,Doe
Justin,Doe
Jane,Doe
John,Doe
Jill,Doe
Joe,Doe
Justin,Doe
Jane,Doe
John,Doe
Jill,Doe
Joe,Doe
Justin,Doe
Jane,Doe
John,Doe
Jill,Doe
Joe,Doe
Justin,Doe
Jane,Doe
John,Doe
Jill,Doe
Joe,Doe
Justin,Doe
Jane,Doe
John,Doe
Jill,Doe
Joe,Doe
Justin,Doe
Jane,Doe
John,Doe
Jill,Doe
Joe,Doe
Justin,Doe
Jane,Doe
John,Doe
Jill,Doe
Joe,Doe
Justin,Doe
Jane,Doe
John,Doe
Jill,Doe
Joe,Doe
Justin,Doe
Jane,Doe
John,Doe
Jill,Doe
Joe,Doe
Justin,Doe
Jane,Doe
John,Doe
Jill,Doe
Joe,Doe
Justin,Doe
Jane,Doe
John,Doe
Jill,Doe
Joe,Doe
Justin,Doe
Jane,Doe
John,Doe
Jill,Doe
Joe,Doe
Justin,Doe
Jane,Doe
John,Doe
Jill,Doe
Joe,Doe
Justin,Doe
Jane,Doe
John,Doe
Jill,Doe
Joe,Doe
Justin,Doe
Jane,Doe
John,Doe
Jill,Doe
Joe,Doe
Justin,Doe
Jane,Doe
John,Doe
Jill,Doe
Joe,Doe
Justin,Doe
Jane,Doe
John,Doe
Jill,Doe
Joe,Doe
Justin,Doe
Jane,Doe
John,Doe
Jill,Doe
Joe,Doe
Justin,Doe
Jane,Doe
John,Doe
Jill,Doe
Joe,Doe
Justin,Doe
Jane,Doe
John,Doe
Jill,Doe
Joe,Doe
Justin,Doe
Jane,Doe
John,Doe
Jill,Doe
Joe,Doe
Justin,Doe
Jane,Doe
John,Doe
Jill,Doe
Joe,Doe
Justin,Doe
Jane,Doe
John,Doe
Jill,Doe
Joe,Doe
Justin,Doe
Jane,Doe
John,Doe
Jill,Doe
Joe,Doe
Justin,Doe
Jane,Doe
John,Doe
Jill,Doe
Joe,Doe
Justin,Doe
Jane,Doe
John,Doe
Jill,Doe
Joe,Doe
Justin,Doe
Jane,Doe
John,Doe
Jill,Doe
Joe,Doe
Justin,Doe
Jane,Doe
John,Doe
Jill,Doe
Joe,Doe
Justin,Doe
Jane,Doe
John,Doe
Jill,Doe
Joe,Doe
Justin,Doe
Jane,Doe
John,Doe
Jill,Doe
Joe,Doe
Justin,Doe
Jane,Doe
John,Doe
Jill,Doe
Joe,Doe
Justin,Doe
Jane,Doe
John,Doe
Jill,Doe
Joe,Doe
Justin,Doe
Jane,Doe
John,Doe
Jill,Doe
Joe,Doe
Justin,Doe
Jane,Doe
John,Doe
Jill,Doe
Joe,Doe
Justin,Doe
Jane,Doe
John,Doe
Jill,Doe
Joe,Doe
Justin,Doe
Jane,Doe
John,Doe
Jill,Doe
Joe,Doe
Justin,Doe
Jane,Doe
John,Doe
Jill,Doe
Joe,Doe
Justin,Doe
Jane,Doe
John,Doe
Jill,Doe
Joe,Doe
Justin,Doe
Jane,Doe
John,Doe
Jill,Doe
Joe,Doe
Justin,Doe
Jane,Doe
John,Doe
Jill,Doe
Joe,Doe
Justin,Doe
Jane,Doe
John,Doe
Jill,Doe
Joe,Doe
Justin,Doe
Jane,Doe
John,Doe
Jill,Doe
Joe,Doe
Justin,Doe
Jane,Doe
John,Doe
Jill,Doe
Joe,Doe
Justin,Doe
Jane,Doe
John,Doe
Jill,Doe
Joe,Doe
Justin,Doe
Jane,Doe
John,Doe